game_id,week,home_team,away_team,home_win_prob,pred_margin,pick,pick_prob,spread_line,result
2025_01_DAL_PHI,1,PHI,DAL,0.8098,11.1755,PHI,0.8098,8.5,4.0
2025_01_KC_LAC,1,LAC,KC,0.4187,-1.6313,KC,0.5813,-3.0,6.0
2025_01_ARI_NO,1,NO,ARI,0.446,-1.5885,ARI,0.554,-6.0,-7.0
2025_01_BAL_BUF,1,BUF,BAL,0.5339,0.9476,BUF,0.5339,-1.5,1.0
2025_01_CAR_JAX,1,JAX,CAR,0.5943,3.2569,JAX,0.5943,4.5,16.0
2025_01_CIN_CLE,1,CLE,CIN,0.303,-6.0052,CIN,0.697,-5.5,-1.0
2025_01_DET_GB,1,GB,DET,0.4758,-0.2895,DET,0.5242,1.5,14.0
2025_01_HOU_LA,1,LA,HOU,0.6114,3.4113,LA,0.6114,3.5,5.0
2025_01_LV_NE,1,NE,LV,0.5571,1.6885,NE,0.5571,2.5,-7.0
2025_01_MIA_IND,1,IND,MIA,0.5021,0.1331,IND,0.5021,1.5,25.0
2025_01_NYG_WAS,1,WAS,NYG,0.7637,8.4592,WAS,0.7637,6.0,15.0
2025_01_PIT_NYJ,1,NYJ,PIT,0.5264,1.2081,NYJ,0.5264,-3.0,-2.0
2025_01_SF_SEA,1,SEA,SF,0.5957,3.3468,SEA,0.5957,-2.5,-4.0
2025_01_TB_ATL,1,ATL,TB,0.4149,-2.4569,TB,0.5851,-1.5,-3.0
2025_01_TEN_DEN,1,DEN,TEN,0.7648,8.8749,DEN,0.7648,8.5,8.0
2025_01_MIN_CHI,1,CHI,MIN,0.4243,-1.8072,MIN,0.5757,-1.5,-3.0
2025_02_WAS_GB,2,GB,WAS,0.5962,3.2868,GB,0.5962,3.5,9.0
2025_02_ATL_MIN,2,MIN,ATL,0.6338,4.0849,MIN,0.6338,3.5,-16.0
2025_02_BUF_NYJ,2,NYJ,BUF,0.3256,-4.7947,BUF,0.6744,-6.0,-20.0
2025_02_CAR_ARI,2,ARI,CAR,0.7409,8.3182,ARI,0.7409,7.0,5.0
2025_02_CHI_DET,2,DET,CHI,0.7861,9.3346,DET,0.7861,6.0,31.0
2025_02_CLE_BAL,2,BAL,CLE,0.8766,14.4676,BAL,0.8766,12.5,24.0
2025_02_DEN_IND,2,IND,DEN,0.4939,0.0622,DEN,0.5061,-2.5,1.0
2025_02_JAX_CIN,2,CIN,JAX,0.6691,5.1779,CIN,0.6691,3.5,4.0
2025_02_LA_TEN,2,TEN,LA,0.3157,-5.1791,LA,0.6843,-5.5,-14.0
2025_02_NE_MIA,2,MIA,NE,0.6421,4.4664,MIA,0.6421,1.5,-6.0
2025_02_NYG_DAL,2,DAL,NYG,0.6863,5.6488,DAL,0.6863,4.5,3.0
2025_02_PHI_KC,2,KC,PHI,0.4138,-2.9196,PHI,0.5862,-1.5,-3.0
2025_02_SEA_PIT,2,PIT,SEA,0.5908,2.5986,PIT,0.5908,3.5,-14.0
2025_02_SF_NO,2,NO,SF,0.4279,-1.5884,SF,0.5721,-3.0,-5.0
2025_02_LAC_LV,2,LV,LAC,0.4031,-2.3644,LAC,0.5969,-3.5,-11.0
2025_02_TB_HOU,2,HOU,TB,0.4298,-1.9483,TB,0.5702,2.5,-1.0
2025_03_MIA_BUF,3,BUF,MIA,0.8156,10.9591,BUF,0.8156,12.5,10.0
2025_03_ARI_SF,3,SF,ARI,0.5498,1.2439,SF,0.5498,1.5,1.0
2025_03_ATL_CAR,3,CAR,ATL,0.399,-3.1197,ATL,0.601,-5.5,30.0
2025_03_CIN_MIN,3,MIN,CIN,0.4529,-1.2269,CIN,0.5471,3.0,38.0
2025_03_DAL_CHI,3,CHI,DAL,0.46,-0.9471,DAL,0.54,-1.5,17.0
2025_03_DEN_LAC,3,LAC,DEN,0.5642,2.1806,LAC,0.5642,2.5,3.0
2025_03_GB_CLE,3,CLE,GB,0.1995,-10.0341,GB,0.8005,-8.5,3.0
2025_03_HOU_JAX,3,JAX,HOU,0.5502,1.8017,JAX,0.5502,1.5,7.0
2025_03_IND_TEN,3,TEN,IND,0.3411,-4.6625,IND,0.6589,-6.0,-21.0
2025_03_KC_NYG,3,NYG,KC,0.3402,-4.0824,KC,0.6598,-6.0,-13.0
2025_03_LA_PHI,3,PHI,LA,0.6845,5.82,PHI,0.6845,3.5,7.0
2025_03_LV_WAS,3,WAS,LV,0.7634,8.177,WAS,0.7634,2.5,17.0
2025_03_NO_SEA,3,SEA,NO,0.7081,6.7315,SEA,0.7081,7.5,31.0
2025_03_NYJ_TB,3,TB,NYJ,0.7513,8.7005,TB,0.7513,6.5,2.0
2025_03_PIT_NE,3,NE,PIT,0.5071,0.7598,NE,0.5071,-1.5,-7.0
2025_03_DET_BAL,3,BAL,DET,0.6185,3.8539,BAL,0.6185,4.5,-8.0
2025_04_SEA_ARI,4,ARI,SEA,0.5367,1.1202,ARI,0.5367,-1.5,-3.0
2025_04_BAL_KC,4,KC,BAL,0.458,-1.4078,BAL,0.542,-2.5,17.0
2025_04_CAR_NE,4,NE,CAR,0.5591,1.7641,NE,0.5591,5.5,29.0
2025_04_CHI_LV,4,LV,CHI,0.5041,0.5221,LV,0.5041,1.5,-1.0
2025_04_CLE_DET,4,DET,CLE,0.8775,14.7151,DET,0.8775,10.0,24.0
2025_04_GB_DAL,4,DAL,GB,0.3477,-4.7436,GB,0.6523,-7.0,0.0
2025_04_IND_LA,4,LA,IND,0.5793,2.2011,LA,0.5793,3.5,7.0
2025_04_JAX_SF,4,SF,JAX,0.6287,3.5971,SF,0.6287,3.5,-5.0
2025_04_LAC_NYG,4,NYG,LAC,0.2986,-6.1923,LAC,0.7014,-6.0,3.0
2025_04_MIN_PIT,4,PIT,MIN,0.4487,-2.1135,MIN,0.5513,-2.5,3.0
2025_04_NO_BUF,4,BUF,NO,0.8833,14.9475,BUF,0.8833,15.5,12.0
2025_04_PHI_TB,4,TB,PHI,0.4502,-1.0322,PHI,0.5498,-3.5,-6.0
2025_04_TEN_HOU,4,HOU,TEN,0.7291,7.7149,HOU,0.7291,7.5,26.0
2025_04_WAS_ATL,4,ATL,WAS,0.372,-3.4166,WAS,0.628,2.5,7.0
2025_04_CIN_DEN,4,DEN,CIN,0.6636,5.5893,DEN,0.6636,7.5,25.0
2025_04_NYJ_MIA,4,MIA,NYJ,0.6081,3.3045,MIA,0.6081,2.5,6.0
2025_05_SF_LA,5,LA,SF,0.6639,5.3039,LA,0.6639,8.5,-3.0
2025_05_DAL_NYJ,5,NYJ,DAL,0.506,0.6876,NYJ,0.506,1.5,-15.0
2025_05_DEN_PHI,5,PHI,DEN,0.6913,5.631,PHI,0.6913,3.5,-4.0
2025_05_DET_CIN,5,CIN,DET,0.2506,-8.3918,DET,0.7494,-10.5,-13.0
2025_05_HOU_BAL,5,BAL,HOU,0.7214,6.5182,BAL,0.7214,-2.5,-34.0
2025_05_LV_IND,5,IND,LV,0.7394,7.9365,IND,0.7394,7.0,34.0
2025_05_MIA_CAR,5,CAR,MIA,0.4719,-0.5469,MIA,0.5281,-1.5,3.0
2025_05_MIN_CLE,5,CLE,MIN,0.2666,-7.9649,MIN,0.7334,-3.5,-4.0
2025_05_NE_BUF,5,BUF,NE,0.8157,10.6778,BUF,0.8157,7.5,-3.0
2025_05_NYG_NO,5,NO,NYG,0.5555,1.5555,NO,0.5555,1.5,12.0
2025_05_TB_SEA,5,SEA,TB,0.5681,2.3701,SEA,0.5681,3.5,-3.0
2025_05_TEN_ARI,5,ARI,TEN,0.8232,11.8017,ARI,0.8232,7.5,-1.0
2025_05_WAS_LAC,5,LAC,WAS,0.5344,1.5656,LAC,0.5344,2.5,-17.0
2025_05_KC_JAX,5,JAX,KC,0.4099,-1.8741,KC,0.5901,-3.5,3.0
2025_06_PHI_NYG,6,NYG,PHI,0.1931,-9.9593,PHI,0.8069,-7.0,17.0
2025_06_ARI_IND,6,IND,ARI,0.6574,5.3255,IND,0.6574,8.5,4.0
2025_06_CIN_GB,6,GB,CIN,0.8215,11.49,GB,0.8215,14.0,9.0
2025_06_CLE_PIT,6,PIT,CLE,0.8017,10.0655,PIT,0.8017,5.5,14.0
2025_06_DAL_CAR,6,CAR,DAL,0.4439,-1.2122,DAL,0.5561,-3.0,3.0
2025_06_DEN_NYJ,6,NYJ,DEN,0.2577,-8.1216,DEN,0.7423,-7.5,-2.0
2025_06_DET_KC,6,KC,DET,0.4404,-2.0284,DET,0.5596,2.5,13.0
2025_06_LAC_MIA,6,MIA,LAC,0.4981,0.0738,LAC,0.5019,-3.5,-2.0
2025_06_LA_BAL,6,BAL,LA,0.5198,0.521,BAL,0.5198,-7.0,-14.0
2025_06_NE_NO,6,NO,NE,0.4448,-1.6933,NE,0.5552,-3.5,-6.0
2025_06_SEA_JAX,6,JAX,SEA,0.4755,-0.4374,SEA,0.5245,-1.5,-8.0
2025_06_SF_TB,6,TB,SF,0.6448,4.7853,TB,0.6448,3.5,11.0
2025_06_TEN_LV,6,LV,TEN,0.6234,3.8672,LV,0.6234,3.5,10.0
2025_06_BUF_ATL,6,ATL,BUF,0.3441,-4.5735,BUF,0.6559,-3.5,10.0
2025_06_CHI_WAS,6,WAS,CHI,0.7212,7.4017,WAS,0.7212,5.5,-1.0
2025_07_PIT_CIN,7,CIN,PIT,0.4057,-2.9897,PIT,0.5943,-5.5,2.0
2025_07_ATL_SF,7,SF,ATL,0.5582,1.6091,SF,0.5582,1.5,10.0
2025_07_CAR_NYJ,7,NYJ,CAR,0.4909,-0.0058,CAR,0.5091,1.5,-7.0
2025_07_GB_ARI,7,ARI,GB,0.3794,-3.0209,GB,0.6206,-7.0,-4.0
2025_07_IND_LAC,7,LAC,IND,0.479,-0.8813,IND,0.521,2.5,-14.0
2025_07_LA_JAX,7,JAX,LA,0.3761,-3.6443,LA,0.6239,-3.0,-28.0
2025_07_LV_KC,7,KC,LV,0.848,12.3585,KC,0.848,13.5,31.0
2025_07_MIA_CLE,7,CLE,MIA,0.3881,-3.2643,MIA,0.6119,2.5,25.0
2025_07_NE_TEN,7,TEN,NE,0.2819,-6.7823,NE,0.7181,-6.5,-18.0
2025_07_NO_CHI,7,CHI,NO,0.6524,4.8778,CHI,0.6524,4.5,12.0
2025_07_NYG_DEN,7,DEN,NYG,0.766,9.1369,DEN,0.766,7.5,1.0
2025_07_PHI_MIN,7,MIN,PHI,0.4901,0.2812,PHI,0.5099,-2.5,-6.0
2025_07_WAS_DAL,7,DAL,WAS,0.4603,-1.1167,WAS,0.5397,1.5,22.0
2025_07_HOU_SEA,7,SEA,HOU,0.5582,1.6509,SEA,0.5582,3.0,8.0
2025_07_TB_DET,7,DET,TB,0.6156,3.7955,DET,0.6156,6.0,15.0
2025_08_MIN_LAC,8,LAC,MIN,0.549,1.3181,LAC,0.549,3.0,27.0
2025_08_BUF_CAR,8,CAR,BUF,0.294,-5.6845,BUF,0.706,-7.0,-31.0
2025_08_CHI_BAL,8,BAL,CHI,0.6361,3.4379,BAL,0.6361,2.5,14.0
2025_08_CLE_NE,8,NE,CLE,0.7682,9.205,NE,0.7682,7.0,19.0
2025_08_DAL_DEN,8,DEN,DAL,0.6453,4.7169,DEN,0.6453,3.5,20.0
2025_08_GB_PIT,8,PIT,GB,0.4599,-1.1036,GB,0.5401,-3.0,-10.0
2025_08_MIA_ATL,8,ATL,MIA,0.6782,5.7414,ATL,0.6782,7.0,-24.0
2025_08_NYG_PHI,8,PHI,NYG,0.8022,10.0505,PHI,0.8022,7.0,18.0
2025_08_NYJ_CIN,8,CIN,NYJ,0.7005,5.6101,CIN,0.7005,5.5,-1.0
2025_08_SF_HOU,8,HOU,SF,0.567,3.0685,HOU,0.567,2.5,11.0
2025_08_TB_NO,8,NO,TB,0.2971,-5.958,TB,0.7029,-4.5,-20.0
2025_08_TEN_IND,8,IND,TEN,0.8989,16.6154,IND,0.8989,15.5,24.0
2025_08_WAS_KC,8,KC,WAS,0.7335,7.8632,KC,0.7335,10.5,21.0
2025_09_BAL_MIA,9,MIA,BAL,0.4332,-1.1709,BAL,0.5668,-7.5,-22.0
2025_09_ATL_NE,9,NE,ATL,0.7266,8.0306,NE,0.7266,5.5,1.0
2025_09_CAR_GB,9,GB,CAR,0.8417,12.5007,GB,0.8417,12.5,-3.0
2025_09_CHI_CIN,9,CIN,CHI,0.5563,1.316,CIN,0.5563,-3.0,-5.0
2025_09_DEN_HOU,9,HOU,DEN,0.4605,-0.519,DEN,0.5395,1.5,-3.0
2025_09_IND_PIT,9,PIT,IND,0.3913,-3.8298,IND,0.6087,-3.5,7.0
2025_09_JAX_LV,9,LV,JAX,0.3772,-3.4236,JAX,0.6228,-2.5,-1.0
2025_09_KC_BUF,9,BUF,KC,0.5338,1.173,BUF,0.5338,-2.5,7.0
2025_09_LAC_TEN,9,TEN,LAC,0.1999,-10.105,LAC,0.8001,-10.0,-7.0
2025_09_MIN_DET,9,DET,MIN,0.8165,11.1948,DET,0.8165,9.5,-3.0
2025_09_NO_LA,9,LA,NO,0.8802,14.8521,LA,0.8802,14.0,24.0
2025_09_SEA_WAS,9,WAS,SEA,0.4085,-2.755,SEA,0.5915,-2.5,-24.0
2025_09_SF_NYG,9,NYG,SF,0.4547,-1.0089,SF,0.5453,-2.5,-10.0
2025_09_ARI_DAL,9,DAL,ARI,0.5689,2.0588,DAL,0.5689,3.5,-10.0
2025_10_LV_DEN,10,DEN,LV,0.8643,13.9973,DEN,0.8643,9.5,3.0
2025_10_ARI_SEA,10,SEA,ARI,0.7175,7.0658,SEA,0.7175,7.0,22.0
2025_10_ATL_IND,10,IND,ATL,0.7253,7.6396,IND,0.7253,6.5,6.0
2025_10_BAL_MIN,10,MIN,BAL,0.4149,-2.1205,BAL,0.5851,-4.5,-8.0
2025_10_BUF_MIA,10,MIA,BUF,0.2433,-8.2177,BUF,0.7567,-8.5,17.0
2025_10_CLE_NYJ,10,NYJ,CLE,0.6348,4.2093,NYJ,0.6348,-1.5,7.0
2025_10_DET_WAS,10,WAS,DET,0.3352,-5.5019,DET,0.6648,-8.5,-22.0
2025_10_JAX_HOU,10,HOU,JAX,0.6475,5.3938,HOU,0.6475,-1.5,7.0
2025_10_LA_SF,10,SF,LA,0.4135,-3.0558,LA,0.5865,-5.5,-16.0
2025_10_NE_TB,10,TB,NE,0.6373,3.7294,TB,0.6373,2.5,-5.0
2025_10_NO_CAR,10,CAR,NO,0.7232,7.2285,CAR,0.7232,5.5,-10.0
2025_10_NYG_CHI,10,CHI,NYG,0.6868,6.075,CHI,0.6868,4.5,4.0
2025_10_PIT_LAC,10,LAC,PIT,0.6042,3.6663,LAC,0.6042,3.0,15.0
2025_10_PHI_GB,10,GB,PHI,0.4968,0.4426,PHI,0.5032,1.5,-3.0
2025_11_NYJ_NE,11,NE,NYJ,0.78,9.656,NE,0.78,12.5,13.0
2025_11_BAL_CLE,11,CLE,BAL,0.2484,-7.5664,BAL,0.7516,-7.5,-7.0
2025_11_CAR_ATL,11,ATL,CAR,0.6114,3.6328,ATL,0.6114,4.5,-3.0
2025_11_CHI_MIN,11,MIN,CHI,0.4862,-0.1731,CHI,0.5138,3.0,-2.0
2025_11_CIN_PIT,11,PIT,CIN,0.5505,2.3807,PIT,0.5505,5.5,22.0
2025_11_DET_PHI,11,PHI,DET,0.5279,0.6952,PHI,0.5279,2.5,7.0
2025_11_GB_NYG,11,NYG,GB,0.2995,-5.9928,GB,0.7005,-7.5,-7.0
2025_11_HOU_TEN,11,TEN,HOU,0.2357,-9.3079,HOU,0.7643,-5.5,-3.0
2025_11_KC_DEN,11,DEN,KC,0.4704,-0.333,KC,0.5296,-3.5,3.0
2025_11_LAC_JAX,11,JAX,LAC,0.3977,-3.2057,LAC,0.6023,-3.0,29.0
2025_11_SEA_LA,11,LA,SEA,0.6036,3.2889,LA,0.6036,3.0,2.0
2025_11_SF_ARI,11,ARI,SF,0.5118,1.0147,ARI,0.5118,-3.5,-19.0
2025_11_TB_BUF,11,BUF,TB,0.6512,4.6075,BUF,0.6512,6.0,12.0
2025_11_WAS_MIA,11,MIA,WAS,0.5103,1.2105,MIA,0.5103,2.5,3.0
2025_11_DAL_LV,11,LV,DAL,0.333,-4.429,DAL,0.667,-3.5,-17.0
2025_12_BUF_HOU,12,HOU,BUF,0.4306,-1.234,BUF,0.5694,-5.5,4.0
2025_12_ATL_NO,12,NO,ATL,0.513,0.2391,NO,0.513,1.5,-14.0
2025_12_CLE_LV,12,LV,CLE,0.5481,1.3899,LV,0.5481,3.0,-14.0
2025_12_IND_KC,12,KC,IND,0.5578,1.7455,KC,0.5578,3.5,3.0
2025_12_JAX_ARI,12,ARI,JAX,0.506,0.0819,ARI,0.506,-2.5,-3.0
2025_12_MIN_GB,12,GB,MIN,0.7872,9.5705,GB,0.7872,6.5,17.0
2025_12_NE_CIN,12,CIN,NE,0.3263,-6.0177,NE,0.6737,-7.5,-6.0
2025_12_NYG_DET,12,DET,NYG,0.818,11.5447,DET,0.818,14.0,7.0
2025_12_NYJ_BAL,12,BAL,NYJ,0.7861,9.8068,BAL,0.7861,14.0,13.0
2025_12_PHI_DAL,12,DAL,PHI,0.3644,-3.6114,PHI,0.6356,-3.0,3.0
2025_12_PIT_CHI,12,CHI,PIT,0.5577,1.8696,CHI,0.5577,3.0,3.0
2025_12_SEA_TEN,12,TEN,SEA,0.1561,-12.5036,SEA,0.8439,-12.5,-6.0
2025_12_TB_LA,12,LA,TB,0.7093,7.1632,LA,0.7093,7.0,27.0
2025_12_CAR_SF,12,SF,CAR,0.7294,7.3202,SF,0.7294,7.5,11.0
2025_13_CIN_BAL,13,BAL,CIN,0.7753,9.9815,BAL,0.7753,7.0,-18.0
2025_13_GB_DET,13,DET,GB,0.558,2.0399,DET,0.558,2.5,-7.0
2025_13_KC_DAL,13,DAL,KC,0.3935,-2.891,KC,0.6065,-3.5,3.0
2025_13_CHI_PHI,13,PHI,CHI,0.7067,6.4985,PHI,0.7067,7.0,-9.0
2025_13_ARI_TB,13,TB,ARI,0.6332,3.9619,TB,0.6332,4.5,3.0
2025_13_ATL_NYJ,13,NYJ,ATL,0.4626,-1.0266,ATL,0.5374,-3.0,3.0
2025_13_BUF_PIT,13,PIT,BUF,0.4029,-2.414,BUF,0.5971,-3.0,-19.0
2025_13_DEN_WAS,13,WAS,DEN,0.3514,-5.0385,DEN,0.6486,-6.5,-1.0
2025_13_HOU_IND,13,IND,HOU,0.6035,3.3932,IND,0.6035,3.0,-4.0
2025_13_JAX_TEN,13,TEN,JAX,0.2705,-7.1991,JAX,0.7295,-6.0,-22.0
2025_13_LA_CAR,13,CAR,LA,0.206,-10.2509,LA,0.794,-10.0,3.0
2025_13_LV_LAC,13,LAC,LV,0.842,12.1293,LAC,0.842,10.0,17.0
2025_13_MIN_SEA,13,SEA,MIN,0.816,11.5053,SEA,0.816,12.5,26.0
2025_13_NO_MIA,13,MIA,NO,0.7827,9.3224,MIA,0.7827,5.5,4.0
2025_13_SF_CLE,13,CLE,SF,0.2859,-5.8498,SF,0.7141,-5.5,-18.0
2025_13_NYG_NE,13,NE,NYG,0.7822,10.1728,NE,0.7822,7.0,18.0
2025_14_DAL_DET,14,DET,DAL,0.6665,5.4133,DET,0.6665,3.5,14.0
2025_14_CHI_GB,14,GB,CHI,0.7211,7.0654,GB,0.7211,6.5,7.0
2025_14_CIN_BUF,14,BUF,CIN,0.7718,9.6862,BUF,0.7718,6.0,5.0
2025_14_DEN_LV,14,LV,DEN,0.1457,-12.5537,DEN,0.8543,-8.5,-7.0
2025_14_HOU_KC,14,KC,HOU,0.6745,4.9136,KC,0.6745,4.5,-10.0
2025_14_IND_JAX,14,JAX,IND,0.4808,-0.1489,IND,0.5192,-2.5,17.0
2025_14_LA_ARI,14,ARI,LA,0.2736,-7.3196,LA,0.7264,-9.5,-28.0
2025_14_MIA_NYJ,14,NYJ,MIA,0.4315,-1.8173,MIA,0.5685,-2.5,-24.0
2025_14_NO_TB,14,TB,NO,0.7813,9.1406,TB,0.7813,7.5,-4.0
2025_14_PIT_BAL,14,BAL,PIT,0.665,5.3202,BAL,0.665,5.5,-5.0
2025_14_SEA_ATL,14,ATL,SEA,0.3047,-6.2005,SEA,0.6953,-7.0,-28.0
2025_14_TEN_CLE,14,CLE,TEN,0.6683,5.7643,CLE,0.6683,4.5,-2.0
2025_14_WAS_MIN,14,MIN,WAS,0.4252,-1.4908,WAS,0.5748,-1.5,31.0
2025_14_PHI_LAC,14,LAC,PHI,0.4403,-0.9181,PHI,0.5597,-1.5,3.0
2025_15_ATL_TB,15,TB,ATL,0.6629,5.0561,TB,0.6629,6.0,-1.0
2025_15_ARI_HOU,15,HOU,ARI,0.7683,9.6436,HOU,0.7683,10.5,20.0
2025_15_BAL_CIN,15,CIN,BAL,0.4787,-0.8054,BAL,0.5213,-2.5,-24.0
2025_15_BUF_NE,15,NE,BUF,0.55,1.9571,NE,0.55,-2.5,-4.0
2025_15_CAR_NO,15,NO,CAR,0.4174,-1.5842,CAR,0.5826,-2.5,3.0
2025_15_CLE_CHI,15,CHI,CLE,0.814,10.3457,CHI,0.814,7.5,28.0
2025_15_DET_LA,15,LA,DET,0.6059,4.1263,LA,0.6059,5.5,7.0
2025_15_GB_DEN,15,DEN,GB,0.5024,0.4404,DEN,0.5024,-1.5,8.0
2025_15_IND_SEA,15,SEA,IND,0.7225,7.895,SEA,0.7225,13.5,2.0
2025_15_LAC_KC,15,KC,LAC,0.6655,4.7427,KC,0.6655,5.5,-3.0
2025_15_LV_PHI,15,PHI,LV,0.8769,14.4037,PHI,0.8769,12.5,31.0
2025_15_MIN_DAL,15,DAL,MIN,0.7034,5.9119,DAL,0.7034,5.5,-8.0
2025_15_NYJ_JAX,15,JAX,NYJ,0.801,11.0241,JAX,0.801,13.5,28.0
2025_15_TEN_SF,15,SF,TEN,0.8948,15.5715,SF,0.8948,12.5,13.0
2025_15_WAS_NYG,15,NYG,WAS,0.583,2.929,NYG,0.583,2.5,-8.0
2025_15_MIA_PIT,15,PIT,MIA,0.544,0.9856,PIT,0.544,3.0,13.0
2025_16_LA_SEA,16,SEA,LA,0.4971,0.4736,LA,0.5029,1.5,1.0
2025_16_GB_CHI,16,CHI,GB,0.4371,-1.0758,GB,0.5629,1.5,6.0
2025_16_PHI_WAS,16,WAS,PHI,0.3175,-6.2221,PHI,0.6825,-7.0,-11.0
2025_16_ATL_ARI,16,ARI,ATL,0.5118,0.2395,ARI,0.5118,-2.5,-7.0
2025_16_BUF_CLE,16,CLE,BUF,0.1388,-12.68,BUF,0.8612,-10.5,-3.0
2025_16_CIN_MIA,16,MIA,CIN,0.6623,5.922,MIA,0.6623,-3.5,-24.0
2025_16_JAX_DEN,16,DEN,JAX,0.6643,4.2648,DEN,0.6643,3.5,-14.0
2025_16_KC_TEN,16,TEN,KC,0.2,-9.7544,KC,0.8,-3.5,17.0
2025_16_LAC_DAL,16,DAL,LAC,0.5296,0.5253,DAL,0.5296,1.5,-17.0
2025_16_LV_HOU,16,HOU,LV,0.909,17.647,HOU,0.909,14.5,2.0
2025_16_MIN_NYG,16,NYG,MIN,0.457,-1.3668,MIN,0.543,-2.5,-3.0
2025_16_NE_BAL,16,BAL,NE,0.4898,-0.1042,NE,0.5102,3.5,-4.0
2025_16_NYJ_NO,16,NO,NYJ,0.6395,4.8982,NO,0.6395,6.5,23.0
2025_16_PIT_DET,16,DET,PIT,0.6983,6.2299,DET,0.6983,7.5,-5.0
2025_16_TB_CAR,16,CAR,TB,0.4727,-0.3966,TB,0.5273,-3.0,3.0
2025_16_SF_IND,16,IND,SF,0.4795,-0.3007,SF,0.5205,-4.5,-21.0
2025_17_DAL_WAS,17,WAS,DAL,0.4667,-0.903,DAL,0.5333,-8.5,-7.0
2025_17_DEN_KC,17,KC,DEN,0.4178,-2.0107,DEN,0.5822,-13.5,-7.0
2025_17_DET_MIN,17,MIN,DET,0.3689,-3.2635,DET,0.6311,-7.0,13.0
2025_17_BAL_GB,17,GB,BAL,0.6876,5.4056,GB,0.6876,2.5,-17.0
2025_17_HOU_LAC,17,LAC,HOU,0.5358,1.1561,LAC,0.5358,1.5,-4.0
2025_17_ARI_CIN,17,CIN,ARI,0.6675,5.448,CIN,0.6675,7.0,23.0
2025_17_CHI_SF,17,SF,CHI,0.6079,3.6151,SF,0.6079,3.5,4.0
2025_17_JAX_IND,17,IND,JAX,0.402,-3.36,JAX,0.598,-3.5,-6.0
2025_17_NE_NYJ,17,NYJ,NE,0.1697,-11.8824,NE,0.8303,-12.5,-32.0
2025_17_NO_TEN,17,TEN,NO,0.4588,-1.3063,NO,0.5412,-1.5,-8.0
2025_17_NYG_LV,17,LV,NYG,0.4221,-2.0769,NYG,0.5779,-3.0,-24.0
2025_17_PHI_BUF,17,BUF,PHI,0.5971,2.7427,BUF,0.5971,3.0,-1.0
2025_17_PIT_CLE,17,CLE,PIT,0.2285,-8.16,PIT,0.7715,-4.5,7.0
2025_17_SEA_CAR,17,CAR,SEA,0.2754,-7.2862,SEA,0.7246,-6.5,-17.0
2025_17_TB_MIA,17,MIA,TB,0.5413,1.5601,MIA,0.5413,-5.5,3.0
2025_17_LA_ATL,17,ATL,LA,0.2263,-8.8138,LA,0.7737,-7.5,3.0
2025_18_CAR_TB,18,TB,CAR,0.6473,4.73,TB,0.6473,3.0,2.0
2025_18_SEA_SF,18,SF,SEA,0.5382,0.7491,SF,0.5382,-2.5,-10.0
2025_18_ARI_LA,18,LA,ARI,0.8669,14.6785,LA,0.8669,14.5,17.0
2025_18_BAL_PIT,18,PIT,BAL,0.4696,-0.8141,BAL,0.5304,-4.5,2.0
2025_18_CLE_CIN,18,CIN,CLE,0.7931,9.6298,CIN,0.7931,9.5,-2.0
2025_18_DAL_NYG,18,NYG,DAL,0.4034,-1.7475,DAL,0.5966,-3.0,17.0
2025_18_DET_CHI,18,CHI,DET,0.5796,2.8325,CHI,0.5796,3.5,-3.0
2025_18_GB_MIN,18,MIN,GB,0.4188,-1.4008,GB,0.5812,12.5,13.0
2025_18_IND_HOU,18,HOU,IND,0.7291,7.7479,HOU,0.7291,9.5,8.0
2025_18_KC_LV,18,LV,KC,0.2211,-8.8514,KC,0.7789,-3.5,2.0
2025_18_LAC_DEN,18,DEN,LAC,0.6816,5.2133,DEN,0.6816,14.5,16.0
2025_18_MIA_NE,18,NE,MIA,0.7839,10.1205,NE,0.7839,14.0,28.0
2025_18_NO_ATL,18,ATL,NO,0.5986,2.6852,ATL,0.5986,4.5,2.0
2025_18_NYJ_BUF,18,BUF,NYJ,0.912,17.763,BUF,0.912,12.5,27.0
2025_18_TEN_JAX,18,JAX,TEN,0.8705,14.5722,JAX,0.8705,12.5,34.0
2025_18_WAS_PHI,18,PHI,WAS,0.7967,11.0798,PHI,0.7967,3.0,-7.0
2025_19_GB_CHI,19,CHI,GB,0.5806,3.0397,CHI,0.5806,-2.5,4.0
2025_19_LA_CAR,19,CAR,LA,0.2233,-9.2003,LA,0.7767,-10.0,-3.0
2025_19_BUF_JAX,19,JAX,BUF,0.521,1.6749,JAX,0.521,1.5,-3.0
2025_19_LAC_NE,19,NE,LAC,0.777,9.8873,NE,0.777,3.5,13.0
2025_19_SF_PHI,19,PHI,SF,0.5553,2.083,PHI,0.5553,6.0,-4.0
2025_19_HOU_PIT,19,PIT,HOU,0.4676,-1.1062,HOU,0.5324,-3.0,-24.0
2025_20_BUF_DEN,20,DEN,BUF,0.5503,1.3752,DEN,0.5503,1.5,3.0
2025_20_SF_SEA,20,SEA,SF,0.6981,6.6822,SEA,0.6981,6.5,35.0
2025_20_HOU_NE,20,NE,HOU,0.6519,4.9651,NE,0.6519,3.0,12.0
2025_20_LA_CHI,20,CHI,LA,0.4255,-2.2463,LA,0.5745,-3.5,-3.0
2025_21_LA_SEA,21,SEA,LA,0.6086,4.1825,SEA,0.6086,2.5,4.0
2025_21_NE_DEN,21,DEN,NE,0.5129,-0.3123,DEN,0.5129,-3.5,-3.0
2025_22_SEA_NE,22,NE,SEA,0.4515,-1.3699,SEA,0.5485,-4.5,-16.0
